Record,Date,UTC Time,
    160001, 1/11/2022, 9:16:56,   1.560000E+02
    160002, 1/11/2022, 9:17:06,   1.610000E+02
    160003, 1/11/2022, 9:17:16,   1.660000E+02
    160004, 1/11/2022, 9:17:26,   1.710000E+02
    160005, 1/11/2022, 9:17:36,   1.760000E+02
    160006, 1/11/2022, 9:17:46,   1.810000E+02
    160007, 1/11/2022, 9:17:56,   1.860000E+02
    160008, 1/11/2022, 9:18:06,   1.910000E+02
    160009, 1/11/2022, 9:18:16,   1.960000E+02
    160010, 1/11/2022, 9:18:26,   0.000000E+00
    160011, 1/11/2022, 9:18:36,   5.000000E+00
    160012, 1/11/2022, 9:18:46,   1.000000E+01
    160013, 1/11/2022, 9:18:56,   1.500000E+01
    160014, 1/11/2022, 9:19:06,   2.000000E+01
    160015, 1/11/2022, 9:19:16,   2.500000E+01
    160016, 1/11/2022, 9:19:26,   3.000000E+01
    160017, 1/11/2022, 9:19:36,   3.500000E+01
    160018, 1/11/2022, 9:19:46,   4.000000E+01
    160019, 1/11/2022, 9:19:56,   4.500000E+01
    160020, 1/11/2022, 9:20:06,   5.000000E+01
    160021, 1/11/2022, 9:20:16,   5.500000E+01
    160022, 1/11/2022, 9:20:26,   6.000000E+01
    160023, 1/11/2022, 9:20:36,   6.500000E+01
    160024, 1/11/2022, 9:20:46,   7.000000E+01
    160025, 1/11/2022, 9:20:56,   7.500000E+01
    160026, 1/11/2022, 9:21:06,   8.000000E+01
    160027, 1/11/2022, 9:21:16,   8.500000E+01
    160028, 1/11/2022, 9:21:26,   9.000000E+01
    160029, 1/11/2022, 9:21:36,   9.500000E+01
    160030, 1/11/2022, 9:21:46,   1.000000E+02
    160031, 1/11/2022, 9:21:56,   1.050000E+02
    160032, 1/11/2022, 9:22:06,   1.100000E+02
    160033, 1/11/2022, 9:22:16,   1.150000E+02
    160034, 1/11/2022, 9:22:26,   1.200000E+02
    160035, 1/11/2022, 9:22:36,   1.250000E+02
    160036, 1/11/2022, 9:22:46,   1.300000E+02
    160037, 1/11/2022, 9:22:56,   1.350000E+02
    160038, 1/11/2022, 9:23:06,   1.400000E+02
    160039, 1/11/2022, 9:23:16,   1.450000E+02
    160040, 1/11/2022, 9:23:26,   1.500000E+02
    160041, 1/11/2022, 9:23:36,   1.550000E+02
    160042, 1/11/2022, 9:23:46,   1.600000E+02
    160043, 1/11/2022, 9:23:56,   1.650000E+02
    160044, 1/11/2022, 9:24:06,   1.700000E+02
    160045, 1/11/2022, 9:24:16,   1.750000E+02
    160046, 1/11/2022, 9:24:26,   1.800000E+02
    160047, 1/11/2022, 9:24:36,   1.850000E+02
    160048, 1/11/2022, 9:24:46,   1.900000E+02
    160049, 1/11/2022, 9:24:56,   1.950000E+02
    160050, 1/11/2022, 9:25:06,   2.000000E+02
    160051, 1/11/2022, 9:25:16,   4.000000E+00
    160052, 1/11/2022, 9:25:26,   9.000000E+00
    160053, 1/11/2022, 9:25:36,   1.400000E+01
    160054, 1/11/2022, 9:25:46,   1.900000E+01
    160055, 1/11/2022, 9:25:56,   2.400000E+01
    160056, 1/11/2022, 9:26:06,   2.900000E+01
    160057, 1/11/2022, 9:26:16,   3.400000E+01
    160058, 1/11/2022, 9:26:26,   3.900000E+01
    160059, 1/11/2022, 9:26:36,   4.400000E+01
    160060, 1/11/2022, 9:26:46,   4.900000E+01
    160061, 1/11/2022, 9:26:56,   5.400000E+01
    160062, 1/11/2022, 9:27:06,   5.900000E+01
    160063, 1/11/2022, 9:27:16,   6.400000E+01
    160064, 1/11/2022, 9:27:26,   6.900000E+01
    160065, 1/11/2022, 9:27:36,   7.400000E+01
    160066, 1/11/2022, 9:27:46,   7.900000E+01
    160067, 1/11/2022, 9:27:56,   8.400000E+01
    160068, 1/11/2022, 9:28:06,   8.900000E+01
    160069, 1/11/2022, 9:28:16,   9.400000E+01
    160070, 1/11/2022, 9:28:26,   9.900000E+01
    160071, 1/11/2022, 9:28:36,   1.040000E+02
    160072, 1/11/2022, 9:28:46,   1.090000E+02
    160073, 1/11/2022, 9:28:56,   1.140000E+02
    160074, 1/11/2022, 9:29:06,   1.190000E+02
    160075, 1/11/2022, 9:29:16,   1.240000E+02
    160076, 1/11/2022, 9:29:26,   1.290000E+02
    160077, 1/11/2022, 9:29:36,   1.340000E+02
    160078, 1/11/2022, 9:29:46,   1.390000E+02
    160079, 1/11/2022, 9:29:56,   1.440000E+02
    160080, 1/11/2022, 9:30:06,   1.490000E+02
    160081, 1/11/2022, 9:30:16,   1.540000E+02
    160082, 1/11/2022, 9:30:26,   1.590000E+02
    160083, 1/11/2022, 9:30:36,   1.640000E+02
    160084, 1/11/2022, 9:30:46,   1.690000E+02
    160085, 1/11/2022, 9:30:56,   1.740000E+02
    160086, 1/11/2022, 9:31:06,   1.790000E+02
    160087, 1/11/2022, 9:31:16,   1.840000E+02
    160088, 1/11/2022, 9:31:26,   1.890000E+02
    160089, 1/11/2022, 9:31:36,   1.940000E+02
    160090, 1/11/2022, 9:31:46,   1.990000E+02
    160091, 1/11/2022, 9:31:56,   3.000000E+00
    160092, 1/11/2022, 9:32:06,   8.000000E+00
    160093, 1/11/2022, 9:32:16,   1.300000E+01
    160094, 1/11/2022, 9:32:26,   1.800000E+01
    160095, 1/11/2022, 9:32:36,   2.300000E+01
    160096, 1/11/2022, 9:32:46,   2.800000E+01
    160097, 1/11/2022, 9:32:56,   3.300000E+01
    160098, 1/11/2022, 9:33:06,   3.800000E+01
    160099, 1/11/2022, 9:33:16,   4.300000E+01
    160100, 1/11/2022, 9:33:26,   4.800000E+01
    160101, 1/11/2022, 9:33:36,   5.300000E+01
    160102, 1/11/2022, 9:33:46,   5.800000E+01
    160103, 1/11/2022, 9:33:56,   6.300000E+01
    160104, 1/11/2022, 9:34:06,   6.800000E+01
    160105, 1/11/2022, 9:34:16,   7.300000E+01
    160106, 1/11/2022, 9:34:26,   7.800000E+01
    160107, 1/11/2022, 9:34:36,   8.300000E+01
    160108, 1/11/2022, 9:34:46,   8.800000E+01
    160109, 1/11/2022, 9:34:56,   9.300000E+01
    160110, 1/11/2022, 9:35:06,   9.800000E+01
    160111, 1/11/2022, 9:35:16,   1.030000E+02
    160112, 1/11/2022, 9:35:26,   1.080000E+02
    160113, 1/11/2022, 9:35:36,   1.130000E+02
    160114, 1/11/2022, 9:35:46,   1.180000E+02
    160115, 1/11/2022, 9:35:56,   1.230000E+02
    160116, 1/11/2022, 9:36:06,   1.280000E+02
    160117, 1/11/2022, 9:36:16,   1.330000E+02
    160118, 1/11/2022, 9:36:26,   1.380000E+02
    160119, 1/11/2022, 9:36:36,   1.430000E+02
    160120, 1/11/2022, 9:36:46,   1.480000E+02
    160121, 1/11/2022, 9:36:56,   1.530000E+02
    160122, 1/11/2022, 9:37:06,   1.580000E+02
    160123, 1/11/2022, 9:37:16,   1.630000E+02
    160124, 1/11/2022, 9:37:26,   1.680000E+02
    160125, 1/11/2022, 9:37:36,   1.730000E+02
    160126, 1/11/2022, 9:37:46,   1.780000E+02
    160127, 1/11/2022, 9:37:56,   1.830000E+02
    160128, 1/11/2022, 9:38:06,   1.880000E+02
    160129, 1/11/2022, 9:38:16,   1.930000E+02
    160130, 1/11/2022, 9:38:26,   1.980000E+02
    160131, 1/11/2022, 9:38:36,   2.000000E+00
    160132, 1/11/2022, 9:38:46,   7.000000E+00
    160133, 1/11/2022, 9:38:56,   1.200000E+01
    160134, 1/11/2022, 9:39:06,   1.700000E+01
    160135, 1/11/2022, 9:39:16,   2.200000E+01
    160136, 1/11/2022, 9:39:26,   2.700000E+01
    160137, 1/11/2022, 9:39:36,   3.200000E+01
    160138, 1/11/2022, 9:39:46,   3.700000E+01
    160139, 1/11/2022, 9:39:56,   4.200000E+01
    160140, 1/11/2022, 9:40:06,   4.700000E+01
    160141, 1/11/2022, 9:40:16,   5.200000E+01
    160142, 1/11/2022, 9:40:26,   5.700000E+01
    160143, 1/11/2022, 9:40:36,   6.200000E+01
    160144, 1/11/2022, 9:40:46,   6.700000E+01
    160145, 1/11/2022, 9:40:56,   7.200000E+01
    160146, 1/11/2022, 9:41:06,   7.700000E+01
    160147, 1/11/2022, 9:41:16,   8.200000E+01
    160148, 1/11/2022, 9:41:26,   8.700000E+01
    160149, 1/11/2022, 9:41:36,   9.200000E+01
    160150, 1/11/2022, 9:41:46,   9.700000E+01
    160151, 1/11/2022, 9:41:56,   1.020000E+02
    160152, 1/11/2022, 9:42:06,   1.070000E+02
    160153, 1/11/2022, 9:42:16,   1.120000E+02
    160154, 1/11/2022, 9:42:26,   1.170000E+02
    160155, 1/11/2022, 9:42:36,   1.220000E+02
    160156, 1/11/2022, 9:42:46,   1.270000E+02
    160157, 1/11/2022, 9:42:56,   1.320000E+02
    160158, 1/11/2022, 9:43:06,   1.370000E+02
    160159, 1/11/2022, 9:43:16,   1.420000E+02
    160160, 1/11/2022, 9:43:26,   1.470000E+02
    160161, 1/11/2022, 9:43:36,   1.520000E+02
    160162, 1/11/2022, 9:43:46,   1.570000E+02
    160163, 1/11/2022, 9:43:56,   1.620000E+02
    160164, 1/11/2022, 9:44:06,   1.670000E+02
    160165, 1/11/2022, 9:44:16,   1.720000E+02
    160166, 1/11/2022, 9:44:26,   1.770000E+02
    160167, 1/11/2022, 9:44:36,   1.820000E+02
    160168, 1/11/2022, 9:44:46,   1.870000E+02
    160169, 1/11/2022, 9:44:56,   1.920000E+02
    160170, 1/11/2022, 9:45:06,   1.970000E+02
    160171, 1/11/2022, 9:45:16,   1.000000E+00
    160172, 1/11/2022, 9:45:26,   6.000000E+00
    160173, 1/11/2022, 9:45:36,   1.100000E+01
    160174, 1/11/2022, 9:45:46,   1.600000E+01
    160175, 1/11/2022, 9:45:56,   2.100000E+01
    160176, 1/11/2022, 9:46:06,   2.600000E+01
    160177, 1/11/2022, 9:46:16,   3.100000E+01
    160178, 1/11/2022, 9:46:26,   3.600000E+01
    160179, 1/11/2022, 9:46:36,   4.100000E+01
    160180, 1/11/2022, 9:46:46,   4.600000E+01
    160181, 1/11/2022, 9:46:56,   5.100000E+01
    160182, 1/11/2022, 9:47:06,   5.600000E+01
    160183, 1/11/2022, 9:47:16,   6.100000E+01
    160184, 1/11/2022, 9:47:26,   6.600000E+01
    160185, 1/11/2022, 9:47:36,   7.100000E+01
    160186, 1/11/2022, 9:47:46,   7.600000E+01
    160187, 1/11/2022, 9:47:56,   8.100000E+01
    160188, 1/11/2022, 9:48:06,   8.600000E+01
    160189, 1/11/2022, 9:48:16,   9.100000E+01
    160190, 1/11/2022, 9:48:26,   9.600000E+01
    160191, 1/11/2022, 9:48:36,   1.010000E+02
    160192, 1/11/2022, 9:48:46,   1.060000E+02
    160193, 1/11/2022, 9:48:56,   1.110000E+02
    160194, 1/11/2022, 9:49:06,   1.160000E+02
    160195, 1/11/2022, 9:49:16,   1.210000E+02
    160196, 1/11/2022, 9:49:26,   1.260000E+02
    160197, 1/11/2022, 9:49:36,   1.310000E+02
    160198, 1/11/2022, 9:49:46,   1.360000E+02
    160199, 1/11/2022, 9:49:56,   1.410000E+02
    160200, 1/11/2022, 9:50:06,   1.460000E+02
    160201, 1/11/2022,11:50:16,   1.330000E+02
    160202, 1/11/2022,11:50:26,   1.380000E+02
    160203, 1/11/2022,11:50:36,   1.430000E+02
    160204, 1/11/2022,11:50:46,   1.480000E+02
    160205, 1/11/2022,11:50:56,   1.530000E+02
    160206, 1/11/2022,11:51:06,   1.580000E+02
    160207, 1/11/2022,11:51:16,   1.630000E+02
    160208, 1/11/2022,11:51:26,   1.680000E+02
    160209, 1/11/2022,11:51:36,   1.730000E+02
    160210, 1/11/2022,11:51:46,   1.780000E+02
    160211, 1/11/2022,11:51:56,   1.830000E+02
    160212, 1/11/2022,11:52:06,   1.880000E+02
    160213, 1/11/2022,11:52:16,   1.930000E+02
    160214, 1/11/2022,11:52:26,   1.980000E+02
    160215, 1/11/2022,11:52:36,   2.000000E+00
    160216, 1/11/2022,11:52:46,   7.000000E+00
    160217, 1/11/2022,11:52:56,   1.200000E+01
    160218, 1/11/2022,11:53:06,   1.700000E+01
    160219, 1/11/2022,11:53:16,   2.200000E+01
    160220, 1/11/2022,11:53:26,   2.700000E+01
    160221, 1/11/2022,11:53:36,   3.200000E+01
    160222, 1/11/2022,11:53:46,   3.700000E+01
    160223, 1/11/2022,11:53:56,   4.200000E+01
    160224, 1/11/2022,11:54:06,   4.700000E+01
    160225, 1/11/2022,11:54:16,   5.200000E+01
    160226, 1/11/2022,11:54:26,   5.700000E+01
    160227, 1/11/2022,11:54:36,   6.200000E+01
    160228, 1/11/2022,11:54:46,   6.700000E+01
    160229, 1/11/2022,11:54:56,   7.200000E+01
    160230, 1/11/2022,11:55:06,   7.700000E+01
    160231, 1/11/2022,11:55:16,   8.200000E+01
    160232, 1/11/2022,11:55:26,   8.700000E+01
    160233, 1/11/2022,11:55:36,   9.200000E+01
    160234, 1/11/2022,11:55:46,   9.700000E+01
    160235, 1/11/2022,11:55:56,   1.020000E+02
    160236, 1/11/2022,11:56:06,   1.070000E+02
    160237, 1/11/2022,11:56:16,   1.120000E+02
    160238, 1/11/2022,11:56:26,   1.170000E+02
    160239, 1/11/2022,11:56:36,   1.220000E+02
    160240, 1/11/2022,11:56:46,   1.270000E+02
    160241, 1/11/2022,11:56:56,   1.320000E+02
    160242, 1/11/2022,11:57:06,   1.370000E+02
    160243, 1/11/2022,11:57:16,   1.420000E+02
    160244, 1/11/2022,11:57:26,   1.470000E+02
    160245, 1/11/2022,11:57:36,   1.520000E+02
    160246, 1/11/2022,11:57:46,   1.570000E+02
    160247, 1/11/2022,11:57:56,   1.620000E+02
    160248, 1/11/2022,11:58:06,   1.670000E+02
    160249, 1/11/2022,11:58:16,   1.720000E+02
    160250, 1/11/2022,11:58:26,   1.770000E+02
    160251, 1/11/2022,11:58:36,   1.820000E+02
    160252, 1/11/2022,11:58:46,   1.870000E+02
    160253, 1/11/2022,11:58:56,   1.920000E+02
    160254, 1/11/2022,11:59:06,   1.970000E+02
    160255, 1/11/2022,11:59:16,   1.000000E+00
    160256, 1/11/2022,11:59:26,   6.000000E+00
    160257, 1/11/2022,11:59:36,   1.100000E+01
    160258, 1/11/2022,11:59:46,   1.600000E+01
    160259, 1/11/2022,11:59:56,   2.100000E+01
    160260, 1/11/2022,12:00:06,   2.600000E+01
    160261, 1/11/2022,12:00:16,   3.100000E+01
    160262, 1/11/2022,12:00:26,   3.600000E+01
    160263, 1/11/2022,12:00:36,   4.100000E+01
    160264, 1/11/2022,12:00:46,   4.600000E+01
    160265, 1/11/2022,12:00:56,   5.100000E+01
    160266, 1/11/2022,12:01:06,   5.600000E+01
    160267, 1/11/2022,12:01:16,   6.100000E+01
    160268, 1/11/2022,12:01:26,   6.600000E+01
    160269, 1/11/2022,12:01:36,   7.100000E+01
    160270, 1/11/2022,12:01:46,   7.600000E+01
    160271, 1/11/2022,12:01:56,   8.100000E+01
    160272, 1/11/2022,12:02:06,   8.600000E+01
    160273, 1/11/2022,12:02:16,   9.100000E+01
    160274, 1/11/2022,12:02:26,   9.600000E+01
    160275, 1/11/2022,12:02:36,   1.010000E+02
    160276, 1/11/2022,12:02:46,   1.060000E+02
    160277, 1/11/2022,12:02:56,   1.110000E+02
    160278, 1/11/2022,12:03:06,   1.160000E+02
    160279, 1/11/2022,12:03:16,   1.210000E+02
    160280, 1/11/2022,12:03:26,   1.260000E+02
    160281, 1/11/2022,12:03:36,   1.310000E+02
    160282, 1/11/2022,12:03:46,   1.360000E+02
    160283, 1/11/2022,12:03:56,   1.410000E+02
    160284, 1/11/2022,12:04:06,   1.460000E+02
    160285, 1/11/2022,12:04:16,   1.510000E+02
    160286, 1/11/2022,12:04:26,   1.560000E+02
    160287, 1/11/2022,12:04:36,   1.610000E+02
    160288, 1/11/2022,12:04:46,   1.660000E+02
    160289, 1/11/2022,12:04:56,   1.710000E+02
    160290, 1/11/2022,12:05:06,   1.760000E+02
    160291, 1/11/2022,12:05:16,   1.810000E+02
    160292, 1/11/2022,12:05:26,   1.860000E+02
    160293, 1/11/2022,12:05:36,   1.910000E+02
    160294, 1/11/2022,12:05:46,   1.960000E+02
    160295, 1/11/2022,12:05:56,   0.000000E+00
    160296, 1/11/2022,12:06:06,   5.000000E+00
    160297, 1/11/2022,12:06:16,   1.000000E+01
    160298, 1/11/2022,12:06:26,   1.500000E+01
    160299, 1/11/2022,12:06:36,   2.000000E+01
    160300, 1/11/2022,12:06:46,   2.500000E+01
    160301, 1/11/2022,12:06:56,   3.000000E+01
    160302, 1/11/2022,12:07:06,   3.500000E+01
    160303, 1/11/2022,12:07:16,   4.000000E+01
    160304, 1/11/2022,12:07:26,   4.500000E+01
    160305, 1/11/2022,12:07:36,   5.000000E+01
    160306, 1/11/2022,12:07:46,   5.500000E+01
    160307, 1/11/2022,12:07:56,   6.000000E+01
    160308, 1/11/2022,12:08:06,   6.500000E+01
    160309, 1/11/2022,12:08:16,   7.000000E+01
    160310, 1/11/2022,12:08:26,   7.500000E+01
    160311, 1/11/2022,12:08:36,   8.000000E+01
    160312, 1/11/2022,12:08:46,   8.500000E+01
    160313, 1/11/2022,12:08:56,   9.000000E+01
    160314, 1/11/2022,12:09:06,   9.500000E+01
    160315, 1/11/2022,12:09:16,   1.000000E+02
    160316, 1/11/2022,12:09:26,   1.050000E+02
    160317, 1/11/2022,12:09:36,   1.100000E+02
    160318, 1/11/2022,12:09:46,   1.150000E+02
    160319, 1/11/2022,12:09:56,   1.200000E+02
    160320, 1/11/2022,12:10:06,   1.250000E+02
    160321, 1/11/2022,12:10:16,   1.300000E+02
    160322, 1/11/2022,12:10:26,   1.350000E+02
    160323, 1/11/2022,12:10:36,   1.400000E+02
    160324, 1/11/2022,12:10:46,   1.450000E+02
    160325, 1/11/2022,12:10:56,   1.500000E+02
    160326, 1/11/2022,12:11:06,   1.550000E+02
    160327, 1/11/2022,12:11:16,   1.600000E+02
    160328, 1/11/2022,12:11:26,   1.650000E+02
    160329, 1/11/2022,12:11:36,   1.700000E+02
    160330, 1/11/2022,12:11:46,   1.750000E+02
    160331, 1/11/2022,12:11:56,   1.800000E+02
    160332, 1/11/2022,12:12:06,   1.850000E+02
    160333, 1/11/2022,12:12:16,   1.900000E+02
    160334, 1/11/2022,12:12:26,   1.950000E+02
    160335, 1/11/2022,12:12:36,   2.000000E+02
    160336, 1/11/2022,12:12:46,   4.000000E+00
    160337, 1/11/2022,12:12:56,   9.000000E+00
    160338, 1/11/2022,12:13:06,   1.400000E+01
    160339, 1/11/2022,12:13:16,   1.900000E+01
    160340, 1/11/2022,12:13:26,   2.400000E+01
    160341, 1/11/2022,12:13:36,   2.900000E+01
    160342, 1/11/2022,12:13:46,   3.400000E+01
    160343, 1/11/2022,12:13:56,   3.900000E+01
    160344, 1/11/2022,12:14:06,   4.400000E+01
    160345, 1/11/2022,12:14:16,   4.900000E+01
    160346, 1/11/2022,12:14:26,   5.400000E+01
    160347, 1/11/2022,12:14:36,   5.900000E+01
    160348, 1/11/2022,12:14:46,   6.400000E+01
    160349, 1/11/2022,12:14:56,   6.900000E+01
    160350, 1/11/2022,12:15:06,   7.400000E+01
    160351, 1/11/2022,12:15:16,   7.900000E+01
    160352, 1/11/2022,12:15:26,   8.400000E+01
    160353, 1/11/2022,12:15:36,   8.900000E+01
    160354, 1/11/2022,12:15:46,   9.400000E+01
    160355, 1/11/2022,12:15:56,   9.900000E+01
    160356, 1/11/2022,12:16:06,   1.040000E+02
    160357, 1/11/2022,12:16:16,   1.090000E+02
    160358, 1/11/2022,12:16:26,   1.140000E+02
    160359, 1/11/2022,12:16:36,   1.190000E+02
    160360, 1/11/2022,12:16:46,   1.240000E+02
    160361, 1/11/2022,12:16:56,   1.290000E+02
    160362, 1/11/2022,12:17:06,   1.340000E+02
    160363, 1/11/2022,12:17:16,   1.390000E+02
    160364, 1/11/2022,12:17:26,   1.440000E+02
    160365, 1/11/2022,12:17:36,   1.490000E+02
    160366, 1/11/2022,12:17:46,   1.540000E+02
    160367, 1/11/2022,12:17:56,   1.590000E+02
    160368, 1/11/2022,12:18:06,   1.640000E+02
    160369, 1/11/2022,12:18:16,   1.690000E+02
    160370, 1/11/2022,12:18:26,   1.740000E+02
    160371, 1/11/2022,12:18:36,   1.790000E+02
    160372, 1/11/2022,12:18:46,   1.840000E+02
    160373, 1/11/2022,12:18:56,   1.890000E+02
    160374, 1/11/2022,12:19:06,   1.940000E+02
    160375, 1/11/2022,12:19:16,   1.990000E+02
    160376, 1/11/2022,12:19:26,   3.000000E+00
    160377, 1/11/2022,12:19:36,   8.000000E+00
    160378, 1/11/2022,12:19:46,   1.300000E+01
    160379, 1/11/2022,12:19:56,   1.800000E+01
    160380, 1/11/2022,12:20:06,   2.300000E+01
    160381, 1/11/2022,12:20:16,   2.800000E+01
    160382, 1/11/2022,12:20:26,   3.300000E+01
    160383, 1/11/2022,12:20:36,   3.800000E+01
    160384, 1/11/2022,12:20:46,   4.300000E+01
    160385, 1/11/2022,12:20:56,   4.800000E+01
    160386, 1/11/2022,12:21:06,   5.300000E+01
    160387, 1/11/2022,12:21:16,   5.800000E+01
    160388, 1/11/2022,12:21:26,   6.300000E+01
    160389, 1/11/2022,12:21:36,   6.800000E+01
    160390, 1/11/2022,12:21:46,   7.300000E+01
    160391, 1/11/2022,12:21:56,   7.800000E+01
    160392, 1/11/2022,12:22:06,   8.300000E+01
    160393, 1/11/2022,12:22:16,   8.800000E+01
    160394, 1/11/2022,12:22:26,   9.300000E+01
    160395, 1/11/2022,12:22:36,   9.800000E+01
    160396, 1/11/2022,12:22:46,   1.030000E+02
    160397, 1/11/2022,12:22:56,   1.080000E+02
    160398, 1/11/2022,12:23:06,   1.130000E+02
    160399, 1/11/2022,12:23:16,   1.180000E+02
    160400, 1/11/2022,12:23:26,   1.230000E+02
    160401, 1/11/2022,12:23:36,   1.280000E+02
    160402, 1/11/2022,12:23:46,   1.330000E+02
    160403, 1/11/2022,12:23:56,   1.380000E+02
    160404, 1/11/2022,12:24:06,   1.430000E+02
    160405, 1/11/2022,12:24:16,   1.480000E+02
    160406, 1/11/2022,12:24:26,   1.530000E+02
    160407, 1/11/2022,12:24:36,   1.580000E+02
    160408, 1/11/2022,12:24:46,   1.630000E+02
    160409, 1/11/2022,12:24:56,   1.680000E+02
    160410, 1/11/2022,12:25:06,   1.730000E+02
    160411, 1/11/2022,12:25:16,   1.780000E+02
    160412, 1/11/2022,12:25:26,   1.830000E+02
    160413, 1/11/2022,12:25:36,   1.880000E+02
    160414, 1/11/2022,12:25:46,   1.930000E+02
    160415, 1/11/2022,12:25:56,   1.980000E+02
    160416, 1/11/2022,12:26:06,   2.000000E+00
    160417, 1/11/2022,12:26:16,   7.000000E+00
    160418, 1/11/2022,12:26:26,   1.200000E+01
    160419, 1/11/2022,12:26:36,   1.700000E+01
    160420, 1/11/2022,12:26:46,   2.200000E+01
    160421, 1/11/2022,12:26:56,   2.700000E+01
    160422, 1/11/2022,12:27:06,   3.200000E+01
    160423, 1/11/2022,12:27:16,   3.700000E+01
    160424, 1/11/2022,12:27:26,   4.200000E+01
    160425, 1/11/2022,12:27:36,   4.700000E+01
    160426, 1/11/2022,12:27:46,   5.200000E+01
    160427, 1/11/2022,12:27:56,   5.700000E+01
    160428, 1/11/2022,12:28:06,   6.200000E+01
    160429, 1/11/2022,12:28:16,   6.700000E+01
    160430, 1/11/2022,12:28:26,   7.200000E+01
    160431, 1/11/2022,12:28:36,   7.700000E+01
    160432, 1/11/2022,12:28:46,   8.200000E+01
    160433, 1/11/2022,12:28:56,   8.700000E+01
    160434, 1/11/2022,12:29:06,   9.200000E+01
    160435, 1/11/2022,12:29:16,   9.700000E+01
    160436, 1/11/2022,12:29:26,   1.020000E+02
    160437, 1/11/2022,12:29:37,   1.070000E+02
    160438, 1/11/2022,12:29:47,   1.120000E+02
    160439, 1/11/2022,12:29:57,   1.170000E+02
    160440, 1/11/2022,12:30:07,   1.220000E+02
    160441, 1/11/2022,12:30:17,   1.270000E+02
    160442, 1/11/2022,12:30:27,   1.320000E+02
    160443, 1/11/2022,12:30:37,   1.370000E+02
    160444, 1/11/2022,12:30:47,   1.420000E+02
    160445, 1/11/2022,12:30:57,   1.470000E+02
    160446, 1/11/2022,12:31:07,   1.520000E+02
    160447, 1/11/2022,12:31:17,   1.570000E+02
    160448, 1/11/2022,12:31:27,   1.620000E+02
    160449, 1/11/2022,12:31:37,   1.670000E+02
    160450, 1/11/2022,12:31:47,   1.720000E+02
    160451, 1/11/2022,12:31:57,   1.770000E+02
    160452, 1/11/2022,12:32:07,   1.820000E+02
    160453, 1/11/2022,12:32:17,   1.870000E+02
    160454, 1/11/2022,12:32:27,   1.920000E+02
    160455, 1/11/2022,12:32:37,   1.970000E+02
    160456, 1/11/2022,12:32:47,   1.000000E+00
    160457, 1/11/2022,12:32:57,   6.000000E+00
    160458, 1/11/2022,12:33:07,   1.100000E+01
    160459, 1/11/2022,12:33:17,   1.600000E+01
    160460, 1/11/2022,12:33:27,   2.100000E+01
    160461, 1/11/2022,12:33:37,   2.600000E+01
    160462, 1/11/2022,12:33:47,   3.100000E+01
    160463, 1/11/2022,12:33:57,   3.600000E+01
    160464, 1/11/2022,12:34:07,   4.100000E+01
    160465, 1/11/2022,12:34:17,   4.600000E+01
    160466, 1/11/2022,12:34:27,   5.100000E+01
    160467, 1/11/2022,12:34:37,   5.600000E+01
    160468, 1/11/2022,12:34:47,   6.100000E+01
    160469, 1/11/2022,12:34:57,   6.600000E+01
    160470, 1/11/2022,12:35:07,   7.100000E+01
    160471, 1/11/2022,12:35:17,   7.600000E+01
    160472, 1/11/2022,12:35:27,   8.100000E+01
    160473, 1/11/2022,12:35:37,   8.600000E+01
    160474, 1/11/2022,12:35:47,   9.100000E+01
    160475, 1/11/2022,12:35:57,   9.600000E+01
    160476, 1/11/2022,12:36:07,   1.010000E+02
    160477, 1/11/2022,12:36:17,   1.060000E+02
    160478, 1/11/2022,12:36:27,   1.110000E+02
    160479, 1/11/2022,12:36:37,   1.160000E+02
    160480, 1/11/2022,12:36:47,   1.210000E+02
    160481, 1/11/2022,12:36:57,   1.260000E+02
    160482, 1/11/2022,12:37:07,   1.310000E+02
    160483, 1/11/2022,12:37:17,   1.360000E+02
    160484, 1/11/2022,12:37:27,   1.410000E+02
    160485, 1/11/2022,12:37:37,   1.460000E+02
    160486, 1/11/2022,12:37:47,   1.510000E+02
    160487, 1/11/2022,12:37:57,   1.560000E+02
    160488, 1/11/2022,12:38:07,   1.610000E+02
    160489, 1/11/2022,12:38:17,   1.660000E+02
    160490, 1/11/2022,12:38:27,   1.710000E+02
    160491, 1/11/2022,12:38:37,   1.760000E+02
    160492, 1/11/2022,12:38:47,   1.810000E+02
    160493, 1/11/2022,12:38:57,   1.860000E+02
    160494, 1/11/2022,12:39:07,   1.910000E+02
    160495, 1/11/2022,12:39:17,   1.960000E+02
    160496, 1/11/2022,12:39:27,   0.000000E+00
    160497, 1/11/2022,12:39:37,   5.000000E+00
    160498, 1/11/2022,12:39:47,   1.000000E+01
    160499, 1/11/2022,12:39:57,   1.500000E+01
    160500, 1/11/2022,12:40:07,   2.000000E+01
    160501, 1/11/2022,12:40:17,   2.500000E+01
    160502, 1/11/2022,12:40:27,   3.000000E+01
    160503, 1/11/2022,12:40:37,   3.500000E+01
    160504, 1/11/2022,12:40:47,   4.000000E+01
    160505, 1/11/2022,12:40:57,   4.500000E+01
    160506, 1/11/2022,12:41:07,   5.000000E+01
    160507, 1/11/2022,12:41:17,   5.500000E+01
    160508, 1/11/2022,12:41:27,   6.000000E+01
    160509, 1/11/2022,12:41:37,   6.500000E+01
    160510, 1/11/2022,12:41:47,   7.000000E+01
    160511, 1/11/2022,12:41:57,   7.500000E+01
    160512, 1/11/2022,12:42:07,   8.000000E+01
    160513, 1/11/2022,12:42:17,   8.500000E+01
    160514, 1/11/2022,12:42:27,   9.000000E+01
    160515, 1/11/2022,12:42:37,   9.500000E+01
    160516, 1/11/2022,12:42:47,   1.000000E+02
    160517, 1/11/2022,12:42:57,   1.050000E+02
    160518, 1/11/2022,12:43:07,   1.100000E+02
    160519, 1/11/2022,12:43:17,   1.150000E+02
    160520, 1/11/2022,12:43:27,   1.200000E+02
    160521, 1/11/2022,12:43:37,   1.250000E+02
    160522, 1/11/2022,12:43:47,   1.300000E+02
    160523, 1/11/2022,12:43:57,   1.350000E+02
    160524, 1/11/2022,12:44:07,   1.400000E+02
    160525, 1/11/2022,12:44:17,   1.450000E+02
    160526, 1/11/2022,12:44:27,   1.500000E+02
    160527, 1/11/2022,12:44:37,   1.550000E+02
    160528, 1/11/2022,12:44:47,   1.600000E+02
    160529, 1/11/2022,12:44:57,   1.650000E+02
    160530, 1/11/2022,12:45:07,   1.700000E+02
    160531, 1/11/2022,12:45:17,   1.750000E+02
    160532, 1/11/2022,12:45:27,   1.800000E+02
    160533, 1/11/2022,12:45:37,   1.850000E+02
    160534, 1/11/2022,12:45:47,   1.900000E+02
    160535, 1/11/2022,12:45:57,   1.950000E+02
    160536, 1/11/2022,12:46:07,   2.000000E+02
    160537, 1/11/2022,12:46:17,   4.000000E+00
    160538, 1/11/2022,12:46:27,   9.000000E+00
    160539, 1/11/2022,12:46:37,   1.400000E+01
    160540, 1/11/2022,12:46:47,   1.900000E+01
    160541, 1/11/2022,12:46:57,   2.400000E+01
    160542, 1/11/2022,12:47:07,   2.900000E+01
    160543, 1/11/2022,12:47:17,   3.400000E+01
    160544, 1/11/2022,12:47:27,   3.900000E+01
    160545, 1/11/2022,12:47:37,   4.400000E+01
    160546, 1/11/2022,12:47:47,   4.900000E+01
    160547, 1/11/2022,12:47:57,   5.400000E+01
    160548, 1/11/2022,12:48:07,   5.900000E+01
    160549, 1/11/2022,12:48:17,   6.400000E+01
    160550, 1/11/2022,12:48:27,   6.900000E+01
    160551, 1/11/2022,12:48:37,   7.400000E+01
    160552, 1/11/2022,12:48:47,   7.900000E+01
    160553, 1/11/2022,12:48:57,   8.400000E+01
    160554, 1/11/2022,12:49:07,   8.900000E+01
    160555, 1/11/2022,12:49:17,   9.400000E+01
    160556, 1/11/2022,12:49:27,   9.900000E+01
    160557, 1/11/2022,12:49:37,   1.040000E+02
    160558, 1/11/2022,12:49:47,   1.090000E+02
    160559, 1/11/2022,12:49:57,   1.140000E+02
    160560, 1/11/2022,12:50:07,   1.190000E+02
    160561, 1/11/2022,14:50:17,   1.060000E+02
    160562, 1/11/2022,14:50:27,   1.110000E+02
    160563, 1/11/2022,14:50:37,   1.160000E+02
    160564, 1/11/2022,14:50:47,   1.210000E+02
    160565, 1/11/2022,14:50:57,   1.260000E+02
    160566, 1/11/2022,14:51:07,   1.310000E+02
    160567, 1/11/2022,14:51:17,   1.360000E+02
    160568, 1/11/2022,14:51:27,   1.410000E+02
    160569, 1/11/2022,14:51:37,   1.460000E+02
    160570, 1/11/2022,14:51:47,   1.510000E+02
    160571, 1/11/2022,14:51:57,   1.560000E+02
    160572, 1/11/2022,14:52:07,   1.610000E+02
    160573, 1/11/2022,14:52:17,   1.660000E+02
    160574, 1/11/2022,14:52:27,   1.710000E+02
    160575, 1/11/2022,14:52:37,   1.760000E+02
    160576, 1/11/2022,14:52:47,   1.810000E+02
    160577, 1/11/2022,14:52:57,   1.860000E+02
    160578, 1/11/2022,14:53:07,   1.910000E+02
    160579, 1/11/2022,14:53:17,   1.960000E+02
    160580, 1/11/2022,14:53:27,   0.000000E+00
    160581, 1/11/2022,14:53:37,   5.000000E+00
    160582, 1/11/2022,14:53:47,   1.000000E+01
    160583, 1/11/2022,14:53:57,   1.500000E+01
    160584, 1/11/2022,14:54:07,   2.000000E+01
    160585, 1/11/2022,14:54:17,   2.500000E+01
    160586, 1/11/2022,14:54:27,   3.000000E+01
    160587, 1/11/2022,14:54:37,   3.500000E+01
    160588, 1/11/2022,14:54:47,   4.000000E+01
    160589, 1/11/2022,14:54:57,   4.500000E+01
    160590, 1/11/2022,14:55:07,   5.000000E+01
    160591, 1/11/2022,14:55:17,   5.500000E+01
    160592, 1/11/2022,14:55:27,   6.000000E+01
    160593, 1/11/2022,14:55:37,   6.500000E+01
    160594, 1/11/2022,14:55:47,   7.000000E+01
    160595, 1/11/2022,14:55:57,   7.500000E+01
    160596, 1/11/2022,14:56:07,   8.000000E+01
    160597, 1/11/2022,14:56:17,   8.500000E+01
    160598, 1/11/2022,14:56:27,   9.000000E+01
    160599, 1/11/2022,14:56:37,   9.500000E+01
    160600, 1/11/2022,14:56:47,   1.000000E+02
    160601, 1/11/2022,14:56:57,   1.050000E+02
    160602, 1/11/2022,14:57:07,   1.100000E+02
    160603, 1/11/2022,14:57:17,   1.150000E+02
    160604, 1/11/2022,14:57:27,   1.200000E+02
    160605, 1/11/2022,14:57:37,   1.250000E+02
    160606, 1/11/2022,14:57:47,   1.300000E+02
    160607, 1/11/2022,14:57:57,   1.350000E+02
    160608, 1/11/2022,14:58:07,   1.400000E+02
    160609, 1/11/2022,14:58:17,   1.450000E+02
    160610, 1/11/2022,14:58:27,   1.500000E+02
    160611, 1/11/2022,14:58:37,   1.550000E+02
    160612, 1/11/2022,14:58:47,   1.600000E+02
    160613, 1/11/2022,14:58:57,   1.650000E+02
    160614, 1/11/2022,14:59:07,   1.700000E+02
    160615, 1/11/2022,14:59:17,   1.750000E+02
    160616, 1/11/2022,14:59:27,   1.800000E+02
    160617, 1/11/2022,14:59:37,   1.850000E+02
    160618, 1/11/2022,14:59:47,   1.900000E+02
    160619, 1/11/2022,14:59:57,   1.950000E+02
    160620, 1/11/2022,15:00:07,   2.000000E+02
    160621, 1/11/2022,15:00:17,   4.000000E+00
    160622, 1/11/2022,15:00:27,   9.000000E+00
    160623, 1/11/2022,15:00:37,   1.400000E+01
    160624, 1/11/2022,15:00:47,   1.900000E+01
    160625, 1/11/2022,15:00:57,   2.400000E+01
    160626, 1/11/2022,15:01:07,   2.900000E+01
    160627, 1/11/2022,15:01:17,   3.400000E+01
    160628, 1/11/2022,15:01:27,   3.900000E+01
    160629, 1/11/2022,15:01:37,   4.400000E+01
    160630, 1/11/2022,15:01:47,   4.900000E+01
    160631, 1/11/2022,15:01:57,   5.400000E+01
    160632, 1/11/2022,15:02:07,   5.900000E+01
    160633, 1/11/2022,15:02:17,   6.400000E+01
    160634, 1/11/2022,15:02:27,   6.900000E+01
    160635, 1/11/2022,15:02:37,   7.400000E+01
    160636, 1/11/2022,15:02:47,   7.900000E+01
    160637, 1/11/2022,15:02:57,   8.400000E+01
    160638, 1/11/2022,15:03:07,   8.900000E+01
    160639, 1/11/2022,15:03:17,   9.400000E+01
    160640, 1/11/2022,15:03:27,   9.900000E+01
    160641, 1/11/2022,15:03:37,   1.040000E+02
    160642, 1/11/2022,15:03:47,   1.090000E+02
    160643, 1/11/2022,15:03:57,   1.140000E+02
    160644, 1/11/2022,15:04:07,   1.190000E+02
    160645, 1/11/2022,15:04:17,   1.240000E+02
    160646, 1/11/2022,15:04:27,   1.290000E+02
    160647, 1/11/2022,15:04:37,   1.340000E+02
    160648, 1/11/2022,15:04:47,   1.390000E+02
    160649, 1/11/2022,15:04:57,   1.440000E+02
    160650, 1/11/2022,15:05:07,   1.490000E+02
    160651, 1/11/2022,15:05:17,   1.540000E+02
    160652, 1/11/2022,15:05:27,   1.590000E+02
    160653, 1/11/2022,15:05:37,   1.640000E+02
    160654, 1/11/2022,15:05:47,   1.690000E+02
    160655, 1/11/2022,15:05:57,   1.740000E+02
    160656, 1/11/2022,15:06:07,   1.790000E+02
    160657, 1/11/2022,15:06:17,   1.840000E+02
    160658, 1/11/2022,15:06:27,   1.890000E+02
    160659, 1/11/2022,15:06:37,   1.940000E+02
    160660, 1/11/2022,15:06:47,   1.990000E+02
    160661, 1/11/2022,15:06:57,   3.000000E+00
    160662, 1/11/2022,15:07:07,   8.000000E+00
    160663, 1/11/2022,15:07:17,   1.300000E+01
    160664, 1/11/2022,15:07:27,   1.800000E+01
    160665, 1/11/2022,15:07:37,   2.300000E+01
    160666, 1/11/2022,15:07:47,   2.800000E+01
    160667, 1/11/2022,15:07:57,   3.300000E+01
    160668, 1/11/2022,15:08:07,   3.800000E+01
    160669, 1/11/2022,15:08:17,   4.300000E+01
    160670, 1/11/2022,15:08:27,   4.800000E+01
    160671, 1/11/2022,15:08:37,   5.300000E+01
    160672, 1/11/2022,15:08:47,   5.800000E+01
    160673, 1/11/2022,15:08:57,   6.300000E+01
    160674, 1/11/2022,15:09:07,   6.800000E+01
    160675, 1/11/2022,15:09:17,   7.300000E+01
    160676, 1/11/2022,15:09:27,   7.800000E+01
    160677, 1/11/2022,15:09:37,   8.300000E+01
    160678, 1/11/2022,15:09:47,   8.800000E+01
    160679, 1/11/2022,15:09:57,   9.300000E+01
    160680, 1/11/2022,15:10:07,   9.800000E+01
    160681, 1/11/2022,15:10:17,   1.030000E+02
    160682, 1/11/2022,15:10:27,   1.080000E+02
    160683, 1/11/2022,15:10:37,   1.130000E+02
    160684, 1/11/2022,15:10:47,   1.180000E+02
    160685, 1/11/2022,15:10:57,   1.230000E+02
    160686, 1/11/2022,15:11:07,   1.280000E+02
    160687, 1/11/2022,15:11:17,   1.330000E+02
    160688, 1/11/2022,15:11:27,   1.380000E+02
    160689, 1/11/2022,15:11:37,   1.430000E+02
    160690, 1/11/2022,15:11:47,   1.480000E+02
    160691, 1/11/2022,15:11:57,   1.530000E+02
    160692, 1/11/2022,15:12:07,   1.580000E+02
    160693, 1/11/2022,15:12:17,   1.630000E+02
    160694, 1/11/2022,15:12:27,   1.680000E+02
    160695, 1/11/2022,15:12:37,   1.730000E+02
    160696, 1/11/2022,15:12:47,   1.780000E+02
    160697, 1/11/2022,15:12:57,   1.830000E+02
    160698, 1/11/2022,15:13:07,   1.880000E+02
    160699, 1/11/2022,15:13:17,   1.930000E+02
    160700, 1/11/2022,15:13:27,   1.980000E+02
    160701, 1/11/2022,15:13:37,   2.000000E+00
    160702, 1/11/2022,15:13:47,   7.000000E+00
    160703, 1/11/2022,15:13:57,   1.200000E+01
    160704, 1/11/2022,15:14:07,   1.700000E+01
    160705, 1/11/2022,15:14:17,   2.200000E+01
    160706, 1/11/2022,15:14:27,   2.700000E+01
    160707, 1/11/2022,15:14:37,   3.200000E+01
    160708, 1/11/2022,15:14:47,   3.700000E+01
    160709, 1/11/2022,15:14:57,   4.200000E+01
    160710, 1/11/2022,15:15:07,   4.700000E+01
    160711, 1/11/2022,15:15:17,   5.200000E+01
    160712, 1/11/2022,15:15:27,   5.700000E+01
    160713, 1/11/2022,15:15:37,   6.200000E+01
    160714, 1/11/2022,15:15:47,   6.700000E+01
    160715, 1/11/2022,15:15:57,   7.200000E+01
    160716, 1/11/2022,15:16:07,   7.700000E+01
    160717, 1/11/2022,15:16:17,   8.200000E+01
    160718, 1/11/2022,15:16:27,   8.700000E+01
    160719, 1/11/2022,15:16:37,   9.200000E+01
    160720, 1/11/2022,15:16:47,   9.700000E+01
    160721, 1/11/2022,15:16:57,   1.020000E+02
    160722, 1/11/2022,15:17:07,   1.070000E+02
    160723, 1/11/2022,15:17:17,   1.120000E+02
    160724, 1/11/2022,15:17:27,   1.170000E+02
    160725, 1/11/2022,15:17:37,   1.220000E+02
    160726, 1/11/2022,15:17:47,   1.270000E+02
    160727, 1/11/2022,15:17:57,   1.320000E+02
    160728, 1/11/2022,15:18:07,   1.370000E+02
    160729, 1/11/2022,15:18:17,   1.420000E+02
    160730, 1/11/2022,15:18:27,   1.470000E+02
    160731, 1/11/2022,15:18:37,   1.520000E+02
    160732, 1/11/2022,15:18:47,   1.570000E+02
    160733, 1/11/2022,15:18:57,   1.620000E+02
    160734, 1/11/2022,15:19:07,   1.670000E+02
    160735, 1/11/2022,15:19:17,   1.720000E+02
    160736, 1/11/2022,15:19:27,   1.770000E+02
    160737, 1/11/2022,15:19:37,   1.820000E+02
    160738, 1/11/2022,15:19:47,   1.870000E+02
    160739, 1/11/2022,15:19:57,   1.920000E+02
    160740, 1/11/2022,15:20:07,   1.970000E+02
    160741, 1/11/2022,15:20:17,   1.000000E+00
    160742, 1/11/2022,15:20:27,   6.000000E+00
    160743, 1/11/2022,15:20:37,   1.100000E+01
    160744, 1/11/2022,15:20:47,   1.600000E+01
    160745, 1/11/2022,15:20:57,   2.100000E+01
    160746, 1/11/2022,15:21:07,   2.600000E+01
    160747, 1/11/2022,15:21:17,   3.100000E+01
    160748, 1/11/2022,15:21:27,   3.600000E+01
    160749, 1/11/2022,15:21:37,   4.100000E+01
    160750, 1/11/2022,15:21:47,   4.600000E+01
    160751, 1/11/2022,15:21:57,   5.100000E+01
    160752, 1/11/2022,15:22:07,   5.600000E+01
    160753, 1/11/2022,15:22:17,   6.100000E+01
    160754, 1/11/2022,15:22:27,   6.600000E+01
    160755, 1/11/2022,15:22:37,   7.100000E+01
    160756, 1/11/2022,15:22:47,   7.600000E+01
    160757, 1/11/2022,15:22:57,   8.100000E+01
    160758, 1/11/2022,15:23:07,   8.600000E+01
    160759, 1/11/2022,15:23:17,   9.100000E+01
    160760, 1/11/2022,15:23:27,   9.600000E+01
    160761, 1/11/2022,15:23:37,   1.010000E+02
    160762, 1/11/2022,15:23:47,   1.060000E+02
    160763, 1/11/2022,15:23:57,   1.110000E+02
    160764, 1/11/2022,15:24:07,   1.160000E+02
    160765, 1/11/2022,15:24:17,   1.210000E+02
    160766, 1/11/2022,15:24:27,   1.260000E+02
    160767, 1/11/2022,15:24:37,   1.310000E+02
    160768, 1/11/2022,15:24:47,   1.360000E+02
    160769, 1/11/2022,15:24:57,   1.410000E+02
    160770, 1/11/2022,15:25:07,   1.460000E+02
    160771, 1/11/2022,15:25:17,   1.510000E+02
    160772, 1/11/2022,15:25:27,   1.560000E+02
    160773, 1/11/2022,15:25:37,   1.610000E+02
    160774, 1/11/2022,15:25:47,   1.660000E+02
    160775, 1/11/2022,15:25:57,   1.710000E+02
    160776, 1/11/2022,15:26:07,   1.760000E+02
    160777, 1/11/2022,15:26:17,   1.810000E+02
    160778, 1/11/2022,15:26:27,   1.860000E+02
    160779, 1/11/2022,15:26:37,   1.910000E+02
    160780, 1/11/2022,15:26:47,   1.960000E+02
    160781, 1/11/2022,15:26:57,   0.000000E+00
    160782, 1/11/2022,15:27:07,   5.000000E+00
    160783, 1/11/2022,15:27:17,   1.000000E+01
    160784, 1/11/2022,15:27:27,   1.500000E+01
    160785, 1/11/2022,15:27:37,   2.000000E+01
    160786, 1/11/2022,15:27:47,   2.500000E+01
    160787, 1/11/2022,15:27:57,   3.000000E+01
    160788, 1/11/2022,15:28:07,   3.500000E+01
    160789, 1/11/2022,15:28:17,   4.000000E+01
    160790, 1/11/2022,15:28:27,   4.500000E+01
    160791, 1/11/2022,15:28:37,   5.000000E+01
    160792, 1/11/2022,15:28:47,   5.500000E+01
    160793, 1/11/2022,15:28:57,   6.000000E+01
    160794, 1/11/2022,15:29:07,   6.500000E+01
    160795, 1/11/2022,15:29:17,   7.000000E+01
    160796, 1/11/2022,15:29:27,   7.500000E+01
    160797, 1/11/2022,15:29:37,   8.000000E+01
    160798, 1/11/2022,15:29:47,   8.500000E+01
    160799, 1/11/2022,15:29:57,   9.000000E+01
    160800, 1/11/2022,15:30:07,   9.500000E+01
    160801, 1/11/2022,15:30:17,   1.000000E+02
    160802, 1/11/2022,15:30:27,   1.050000E+02
    160803, 1/11/2022,15:30:37,   1.100000E+02
    160804, 1/11/2022,15:30:47,   1.150000E+02
    160805, 1/11/2022,15:30:57,   1.200000E+02
    160806, 1/11/2022,15:31:07,   1.250000E+02
    160807, 1/11/2022,15:31:17,   1.300000E+02
    160808, 1/11/2022,15:31:27,   1.350000E+02
    160809, 1/11/2022,15:31:37,   1.400000E+02
    160810, 1/11/2022,15:31:47,   1.450000E+02
    160811, 1/11/2022,15:31:57,   1.500000E+02
    160812, 1/11/2022,15:32:07,   1.550000E+02
    160813, 1/11/2022,15:32:17,   1.600000E+02
    160814, 1/11/2022,15:32:27,   1.650000E+02
    160815, 1/11/2022,15:32:37,   1.700000E+02
    160816, 1/11/2022,15:32:47,   1.750000E+02
    160817, 1/11/2022,15:32:57,   1.800000E+02
    160818, 1/11/2022,15:33:07,   1.850000E+02
    160819, 1/11/2022,15:33:17,   1.900000E+02
    160820, 1/11/2022,15:33:27,   1.950000E+02
    160821, 1/11/2022,15:33:37,   2.000000E+02
    160822, 1/11/2022,15:33:47,   4.000000E+00
    160823, 1/11/2022,15:33:57,   9.000000E+00
    160824, 1/11/2022,15:34:07,   1.400000E+01
    160825, 1/11/2022,15:34:17,   1.900000E+01
    160826, 1/11/2022,15:34:27,   2.400000E+01
    160827, 1/11/2022,15:34:37,   2.900000E+01
    160828, 1/11/2022,15:34:47,   3.400000E+01
    160829, 1/11/2022,15:34:57,   3.900000E+01
    160830, 1/11/2022,15:35:07,   4.400000E+01
    160831, 1/11/2022,15:35:17,   4.900000E+01
    160832, 1/11/2022,15:35:27,   5.400000E+01
    160833, 1/11/2022,15:35:37,   5.900000E+01
    160834, 1/11/2022,15:35:47,   6.400000E+01
    160835, 1/11/2022,15:35:57,   6.900000E+01
    160836, 1/11/2022,15:36:07,   7.400000E+01
    160837, 1/11/2022,15:36:17,   7.900000E+01
    160838, 1/11/2022,15:36:27,   8.400000E+01
    160839, 1/11/2022,15:36:37,   8.900000E+01
    160840, 1/11/2022,15:36:47,   9.400000E+01
    160841, 1/11/2022,15:36:57,   9.900000E+01
    160842, 1/11/2022,15:37:07,   1.040000E+02
    160843, 1/11/2022,15:37:17,   1.090000E+02
    160844, 1/11/2022,15:37:27,   1.140000E+02
    160845, 1/11/2022,15:37:37,   1.190000E+02
    160846, 1/11/2022,15:37:47,   1.240000E+02
    160847, 1/11/2022,15:37:57,   1.290000E+02
    160848, 1/11/2022,15:38:07,   1.340000E+02
    160849, 1/11/2022,15:38:17,   1.390000E+02
    160850, 1/11/2022,15:38:27,   1.440000E+02
    160851, 1/11/2022,15:38:37,   1.490000E+02
    160852, 1/11/2022,15:38:47,   1.540000E+02
    160853, 1/11/2022,15:38:57,   1.590000E+02
    160854, 1/11/2022,15:39:07,   1.640000E+02
    160855, 1/11/2022,15:39:17,   1.690000E+02
    160856, 1/11/2022,15:39:27,   1.740000E+02
    160857, 1/11/2022,15:39:37,   1.790000E+02
    160858, 1/11/2022,15:39:47,   1.840000E+02
    160859, 1/11/2022,15:39:57,   1.890000E+02
    160860, 1/11/2022,15:40:07,   1.940000E+02
    160861, 1/11/2022,15:40:17,   1.990000E+02
    160862, 1/11/2022,15:40:27,   3.000000E+00
    160863, 1/11/2022,15:40:37,   8.000000E+00
    160864, 1/11/2022,15:40:47,   1.300000E+01
    160865, 1/11/2022,15:40:57,   1.800000E+01
    160866, 1/11/2022,15:41:07,   2.300000E+01
    160867, 1/11/2022,15:41:17,   2.800000E+01
    160868, 1/11/2022,15:41:27,   3.300000E+01
    160869, 1/11/2022,15:41:37,   3.800000E+01
    160870, 1/11/2022,15:41:47,   4.300000E+01
    160871, 1/11/2022,15:41:57,   4.800000E+01
    160872, 1/11/2022,15:42:07,   5.300000E+01
    160873, 1/11/2022,15:42:17,   5.800000E+01
    160874, 1/11/2022,15:42:27,   6.300000E+01
    160875, 1/11/2022,15:42:37,   6.800000E+01
    160876, 1/11/2022,15:42:47,   7.300000E+01
    160877, 1/11/2022,15:42:57,   7.800000E+01
    160878, 1/11/2022,15:43:07,   8.300000E+01
    160879, 1/11/2022,15:43:17,   8.800000E+01
    160880, 1/11/2022,15:43:27,   9.300000E+01
    160881, 1/11/2022,15:43:37,   9.800000E+01
    160882, 1/11/2022,15:43:47,   1.030000E+02
    160883, 1/11/2022,15:43:57,   1.080000E+02
    160884, 1/11/2022,15:44:07,   1.130000E+02
    160885, 1/11/2022,15:44:17,   1.180000E+02
    160886, 1/11/2022,15:44:27,   1.230000E+02
    160887, 1/11/2022,15:44:37,   1.280000E+02
    160888, 1/11/2022,15:44:47,   1.330000E+02
    160889, 1/11/2022,15:44:57,   1.380000E+02
    160890, 1/11/2022,15:45:07,   1.430000E+02
    160891, 1/11/2022,15:45:17,   1.480000E+02
    160892, 1/11/2022,15:45:27,   1.530000E+02
    160893, 1/11/2022,15:45:37,   1.580000E+02
    160894, 1/11/2022,15:45:47,   1.630000E+02
    160895, 1/11/2022,15:45:57,   1.680000E+02
    160896, 1/11/2022,15:46:07,   1.730000E+02
    160897, 1/11/2022,15:46:17,   1.780000E+02
    160898, 1/11/2022,15:46:27,   1.830000E+02
    160899, 1/11/2022,15:46:37,   1.880000E+02
    160900, 1/11/2022,15:46:47,   1.930000E+02
    160901, 1/11/2022,15:46:57,   1.980000E+02
    160902, 1/11/2022,15:47:07,   2.000000E+00
    160903, 1/11/2022,15:47:17,   7.000000E+00
    160904, 1/11/2022,15:47:27,   1.200000E+01
    160905, 1/11/2022,15:47:37,   1.700000E+01
    160906, 1/11/2022,15:47:47,   2.200000E+01
    160907, 1/11/2022,15:47:57,   2.700000E+01
    160908, 1/11/2022,15:48:07,   3.200000E+01
    160909, 1/11/2022,15:48:17,   3.700000E+01
    160910, 1/11/2022,15:48:27,   4.200000E+01
    160911, 1/11/2022,15:48:37,   4.700000E+01
    160912, 1/11/2022,15:48:47,   5.200000E+01
    160913, 1/11/2022,15:48:57,   5.700000E+01
    160914, 1/11/2022,15:49:07,   6.200000E+01
    160915, 1/11/2022,15:49:17,   6.700000E+01
    160916, 1/11/2022,15:49:27,   7.200000E+01
    160917, 1/11/2022,15:49:37,   7.700000E+01
    160918, 1/11/2022,15:49:47,   8.200000E+01
    160919, 1/11/2022,15:49:57,   8.700000E+01
    160920, 1/11/2022,15:50:07,   9.200000E+01
    160921, 1/11/2022,17:50:17,   7.900000E+01
    160922, 1/11/2022,17:50:27,   8.400000E+01
    160923, 1/11/2022,17:50:37,   8.900000E+01
    160924, 1/11/2022,17:50:47,   9.400000E+01
    160925, 1/11/2022,17:50:57,   9.900000E+01
    160926, 1/11/2022,17:51:07,   1.040000E+02
    160927, 1/11/2022,17:51:17,   1.090000E+02
    160928, 1/11/2022,17:51:27,   1.140000E+02
    160929, 1/11/2022,17:51:37,   1.190000E+02
    160930, 1/11/2022,17:51:47,   1.240000E+02
    160931, 1/11/2022,17:51:57,   1.290000E+02
    160932, 1/11/2022,17:52:07,   1.340000E+02
    160933, 1/11/2022,17:52:17,   1.390000E+02
    160934, 1/11/2022,17:52:27,   1.440000E+02
    160935, 1/11/2022,17:52:37,   1.490000E+02
    160936, 1/11/2022,17:52:47,   1.540000E+02
    160937, 1/11/2022,17:52:57,   1.590000E+02
    160938, 1/11/2022,17:53:07,   1.640000E+02
    160939, 1/11/2022,17:53:17,   1.690000E+02
    160940, 1/11/2022,17:53:27,   1.740000E+02
    160941, 1/11/2022,17:53:37,   1.790000E+02
    160942, 1/11/2022,17:53:47,   1.840000E+02
    160943, 1/11/2022,17:53:57,   1.890000E+02
    160944, 1/11/2022,17:54:07,   1.940000E+02
    160945, 1/11/2022,17:54:17,   1.990000E+02
    160946, 1/11/2022,17:54:27,   3.000000E+00
    160947, 1/11/2022,17:54:37,   8.000000E+00
    160948, 1/11/2022,17:54:47,   1.300000E+01
    160949, 1/11/2022,17:54:57,   1.800000E+01
    160950, 1/11/2022,17:55:07,   2.300000E+01
    160951, 1/11/2022,17:55:17,   2.800000E+01
    160952, 1/11/2022,17:55:27,   3.300000E+01
    160953, 1/11/2022,17:55:37,   3.800000E+01
    160954, 1/11/2022,17:55:47,   4.300000E+01
    160955, 1/11/2022,17:55:57,   4.800000E+01
    160956, 1/11/2022,17:56:07,   5.300000E+01
    160957, 1/11/2022,17:56:17,   5.800000E+01
    160958, 1/11/2022,17:56:27,   6.300000E+01
    160959, 1/11/2022,17:56:37,   6.800000E+01
    160960, 1/11/2022,17:56:47,   7.300000E+01
    160961, 1/11/2022,17:56:57,   7.800000E+01
    160962, 1/11/2022,17:57:07,   8.300000E+01
    160963, 1/11/2022,17:57:17,   8.800000E+01
    160964, 1/11/2022,17:57:27,   9.300000E+01
    160965, 1/11/2022,17:57:37,   9.800000E+01
    160966, 1/11/2022,17:57:47,   1.030000E+02
    160967, 1/11/2022,17:57:57,   1.080000E+02
    160968, 1/11/2022,17:58:07,   1.130000E+02
    160969, 1/11/2022,17:58:17,   1.180000E+02
    160970, 1/11/2022,17:58:27,   1.230000E+02
    160971, 1/11/2022,17:58:37,   1.280000E+02
    160972, 1/11/2022,17:58:47,   1.330000E+02
    160973, 1/11/2022,17:58:57,   1.380000E+02
    160974, 1/11/2022,17:59:07,   1.430000E+02
    160975, 1/11/2022,17:59:17,   1.480000E+02
    160976, 1/11/2022,17:59:27,   1.530000E+02
    160977, 1/11/2022,17:59:37,   1.580000E+02
    160978, 1/11/2022,17:59:47,   1.630000E+02
    160979, 1/11/2022,17:59:57,   1.680000E+02
    160980, 1/11/2022,18:00:07,   1.730000E+02
    160981, 1/11/2022,18:00:17,   1.780000E+02
    160982, 1/11/2022,18:00:27,   1.830000E+02
    160983, 1/11/2022,18:00:37,   1.880000E+02
    160984, 1/11/2022,18:00:47,   1.930000E+02
    160985, 1/11/2022,18:00:57,   1.980000E+02
    160986, 1/11/2022,18:01:07,   2.000000E+00
    160987, 1/11/2022,18:01:17,   7.000000E+00
    160988, 1/11/2022,18:01:27,   1.200000E+01
    160989, 1/11/2022,18:01:37,   1.700000E+01
    160990, 1/11/2022,18:01:47,   2.200000E+01
    160991, 1/11/2022,18:01:57,   2.700000E+01
    160992, 1/11/2022,18:02:07,   3.200000E+01
    160993, 1/11/2022,18:02:17,   3.700000E+01
    160994, 1/11/2022,18:02:27,   4.200000E+01
    160995, 1/11/2022,18:02:37,   4.700000E+01
    160996, 1/11/2022,18:02:47,   5.200000E+01
    160997, 1/11/2022,18:02:57,   5.700000E+01
    160998, 1/11/2022,18:03:07,   6.200000E+01
    160999, 1/11/2022,18:03:17,   6.700000E+01
    161000, 1/11/2022,18:03:27,   7.200000E+01
    161001, 1/11/2022,18:03:37,   7.700000E+01
    161002, 1/11/2022,18:03:47,   8.200000E+01
    161003, 1/11/2022,18:03:57,   8.700000E+01
    161004, 1/11/2022,18:04:07,   9.200000E+01
    161005, 1/11/2022,18:04:17,   9.700000E+01
    161006, 1/11/2022,18:04:27,   1.020000E+02
    161007, 1/11/2022,18:04:37,   1.070000E+02
    161008, 1/11/2022,18:04:47,   1.120000E+02
    161009, 1/11/2022,18:04:57,   1.170000E+02
    161010, 1/11/2022,18:05:07,   1.220000E+02
    161011, 1/11/2022,18:05:17,   1.270000E+02
    161012, 1/11/2022,18:05:27,   1.320000E+02
    161013, 1/11/2022,18:05:37,   1.370000E+02
    161014, 1/11/2022,18:05:47,   1.420000E+02
    161015, 1/11/2022,18:05:57,   1.470000E+02
    161016, 1/11/2022,18:06:07,   1.520000E+02
    161017, 1/11/2022,18:06:17,   1.570000E+02
    161018, 1/11/2022,18:06:27,   1.620000E+02
    161019, 1/11/2022,18:06:37,   1.670000E+02
    161020, 1/11/2022,18:06:47,   1.720000E+02
    161021, 1/11/2022,18:06:57,   1.770000E+02
    161022, 1/11/2022,18:07:07,   1.820000E+02
    161023, 1/11/2022,18:07:17,   1.870000E+02
    161024, 1/11/2022,18:07:27,   1.920000E+02
    161025, 1/11/2022,18:07:37,   1.970000E+02
    161026, 1/11/2022,18:07:47,   1.000000E+00
    161027, 1/11/2022,18:07:57,   6.000000E+00
    161028, 1/11/2022,18:08:07,   1.100000E+01
    161029, 1/11/2022,18:08:17,   1.600000E+01
    161030, 1/11/2022,18:08:27,   2.100000E+01
    161031, 1/11/2022,18:08:37,   2.600000E+01
    161032, 1/11/2022,18:08:47,   3.100000E+01
    161033, 1/11/2022,18:08:57,   3.600000E+01
    161034, 1/11/2022,18:09:07,   4.100000E+01
    161035, 1/11/2022,18:09:17,   4.600000E+01
    161036, 1/11/2022,18:09:27,   5.100000E+01
    161037, 1/11/2022,18:09:37,   5.600000E+01
    161038, 1/11/2022,18:09:47,   6.100000E+01
    161039, 1/11/2022,18:09:57,   6.600000E+01
    161040, 1/11/2022,18:10:07,   7.100000E+01
    161041, 1/11/2022,18:10:17,   7.600000E+01
    161042, 1/11/2022,18:10:27,   8.100000E+01
    161043, 1/11/2022,18:10:37,   8.600000E+01
    161044, 1/11/2022,18:10:47,   9.100000E+01
    161045, 1/11/2022,18:10:57,   9.600000E+01
    161046, 1/11/2022,18:11:07,   1.010000E+02
    161047, 1/11/2022,18:11:17,   1.060000E+02
    161048, 1/11/2022,18:11:27,   1.110000E+02
    161049, 1/11/2022,18:11:37,   1.160000E+02
    161050, 1/11/2022,18:11:47,   1.210000E+02
    161051, 1/11/2022,18:11:57,   1.260000E+02
    161052, 1/11/2022,18:12:07,   1.310000E+02
    161053, 1/11/2022,18:12:17,   1.360000E+02
    161054, 1/11/2022,18:12:27,   1.410000E+02
    161055, 1/11/2022,18:12:37,   1.460000E+02
    161056, 1/11/2022,18:12:47,   1.510000E+02
    161057, 1/11/2022,18:12:57,   1.560000E+02
    161058, 1/11/2022,18:13:07,   1.610000E+02
    161059, 1/11/2022,18:13:17,   1.660000E+02
    161060, 1/11/2022,18:13:27,   1.710000E+02
    161061, 1/11/2022,18:13:37,   1.760000E+02
    161062, 1/11/2022,18:13:47,   1.810000E+02
    161063, 1/11/2022,18:13:57,   1.860000E+02
    161064, 1/11/2022,18:14:07,   1.910000E+02
    161065, 1/11/2022,18:14:17,   1.960000E+02
    161066, 1/11/2022,18:14:27,   0.000000E+00
    161067, 1/11/2022,18:14:37,   5.000000E+00
    161068, 1/11/2022,18:14:47,   1.000000E+01
    161069, 1/11/2022,18:14:57,   1.500000E+01
    161070, 1/11/2022,18:15:07,   2.000000E+01
    161071, 1/11/2022,18:15:17,   2.500000E+01
    161072, 1/11/2022,18:15:27,   3.000000E+01
    161073, 1/11/2022,18:15:37,   3.500000E+01
    161074, 1/11/2022,18:15:47,   4.000000E+01
    161075, 1/11/2022,18:15:57,   4.500000E+01
    161076, 1/11/2022,18:16:07,   5.000000E+01
    161077, 1/11/2022,18:16:17,   5.500000E+01
    161078, 1/11/2022,18:16:27,   6.000000E+01
    161079, 1/11/2022,18:16:37,   6.500000E+01
    161080, 1/11/2022,18:16:47,   7.000000E+01
    161081, 1/11/2022,18:16:57,   7.500000E+01
    161082, 1/11/2022,18:17:07,   8.000000E+01
    161083, 1/11/2022,18:17:17,   8.500000E+01
    161084, 1/11/2022,18:17:27,   9.000000E+01
    161085, 1/11/2022,18:17:37,   9.500000E+01
    161086, 1/11/2022,18:17:47,   1.000000E+02
    161087, 1/11/2022,18:17:57,   1.050000E+02
    161088, 1/11/2022,18:18:07,   1.100000E+02
    161089, 1/11/2022,18:18:17,   1.150000E+02
    161090, 1/11/2022,18:18:27,   1.200000E+02
    161091, 1/11/2022,18:18:37,   1.250000E+02
    161092, 1/11/2022,18:18:47,   1.300000E+02
    161093, 1/11/2022,18:18:57,   1.350000E+02
    161094, 1/11/2022,18:19:07,   1.400000E+02
    161095, 1/11/2022,18:19:17,   1.450000E+02
    161096, 1/11/2022,18:19:27,   1.500000E+02
    161097, 1/11/2022,18:19:37,   1.550000E+02
    161098, 1/11/2022,18:19:47,   1.600000E+02
    161099, 1/11/2022,18:19:57,   1.650000E+02
    161100, 1/11/2022,18:20:07,   1.700000E+02
    161101, 1/11/2022,18:20:17,   1.750000E+02
    161102, 1/11/2022,18:20:27,   1.800000E+02
    161103, 1/11/2022,18:20:37,   1.850000E+02
    161104, 1/11/2022,18:20:47,   1.900000E+02
    161105, 1/11/2022,18:20:57,   1.950000E+02
    161106, 1/11/2022,18:21:07,   2.000000E+02
    161107, 1/11/2022,18:21:17,   4.000000E+00
    161108, 1/11/2022,18:21:27,   9.000000E+00
    161109, 1/11/2022,18:21:37,   1.400000E+01
    161110, 1/11/2022,18:21:47,   1.900000E+01
    161111, 1/11/2022,18:21:57,   2.400000E+01
    161112, 1/11/2022,18:22:07,   2.900000E+01
    161113, 1/11/2022,18:22:17,   3.400000E+01
    161114, 1/11/2022,18:22:27,   3.900000E+01
    161115, 1/11/2022,18:22:37,   4.400000E+01
    161116, 1/11/2022,18:22:47,   4.900000E+01
    161117, 1/11/2022,18:22:57,   5.400000E+01
    161118, 1/11/2022,18:23:07,   5.900000E+01
    161119, 1/11/2022,18:23:17,   6.400000E+01
    161120, 1/11/2022,18:23:27,   6.900000E+01
    161121, 1/11/2022,18:23:37,   7.400000E+01
    161122, 1/11/2022,18:23:47,   7.900000E+01
    161123, 1/11/2022,18:23:57,   8.400000E+01
    161124, 1/11/2022,18:24:07,   8.900000E+01
    161125, 1/11/2022,18:24:17,   9.400000E+01
    161126, 1/11/2022,18:24:27,   9.900000E+01
    161127, 1/11/2022,18:24:37,   1.040000E+02
    161128, 1/11/2022,18:24:47,   1.090000E+02
    161129, 1/11/2022,18:24:57,   1.140000E+02
    161130, 1/11/2022,18:25:07,   1.190000E+02
    161131, 1/11/2022,18:25:17,   1.240000E+02
    161132, 1/11/2022,18:25:27,   1.290000E+02
    161133, 1/11/2022,18:25:37,   1.340000E+02
    161134, 1/11/2022,18:25:47,   1.390000E+02
    161135, 1/11/2022,18:25:57,   1.440000E+02
    161136, 1/11/2022,18:26:07,   1.490000E+02
    161137, 1/11/2022,18:26:17,   1.540000E+02
    161138, 1/11/2022,18:26:27,   1.590000E+02
    161139, 1/11/2022,18:26:37,   1.640000E+02
    161140, 1/11/2022,18:26:47,   1.690000E+02
    161141, 1/11/2022,18:26:57,   1.740000E+02
    161142, 1/11/2022,18:27:07,   1.790000E+02
    161143, 1/11/2022,18:27:17,   1.840000E+02
    161144, 1/11/2022,18:27:27,   1.890000E+02
    161145, 1/11/2022,18:27:37,   1.940000E+02
    161146, 1/11/2022,18:27:47,   1.990000E+02
    161147, 1/11/2022,18:27:57,   3.000000E+00
    161148, 1/11/2022,18:28:07,   8.000000E+00
    161149, 1/11/2022,18:28:17,   1.300000E+01
    161150, 1/11/2022,18:28:27,   1.800000E+01
    161151, 1/11/2022,18:28:37,   2.300000E+01
    161152, 1/11/2022,18:28:47,   2.800000E+01
    161153, 1/11/2022,18:28:57,   3.300000E+01
    161154, 1/11/2022,18:29:07,   3.800000E+01
    161155, 1/11/2022,18:29:17,   4.300000E+01
    161156, 1/11/2022,18:29:27,   4.800000E+01
    161157, 1/11/2022,18:29:37,   5.300000E+01
    161158, 1/11/2022,18:29:47,   5.800000E+01
    161159, 1/11/2022,18:29:57,   6.300000E+01
    161160, 1/11/2022,18:30:07,   6.800000E+01
    161161, 1/11/2022,18:30:17,   7.300000E+01
    161162, 1/11/2022,18:30:27,   7.800000E+01
    161163, 1/11/2022,18:30:37,   8.300000E+01
    161164, 1/11/2022,18:30:47,   8.800000E+01
    161165, 1/11/2022,18:30:57,   9.300000E+01
    161166, 1/11/2022,18:31:07,   9.800000E+01
    161167, 1/11/2022,18:31:17,   1.030000E+02
    161168, 1/11/2022,18:31:27,   1.080000E+02
    161169, 1/11/2022,18:31:37,   1.130000E+02
    161170, 1/11/2022,18:31:47,   1.180000E+02
    161171, 1/11/2022,18:31:57,   1.230000E+02
    161172, 1/11/2022,18:32:07,   1.280000E+02
    161173, 1/11/2022,18:32:17,   1.330000E+02
    161174, 1/11/2022,18:32:27,   1.380000E+02
    161175, 1/11/2022,18:32:37,   1.430000E+02
    161176, 1/11/2022,18:32:47,   1.480000E+02
    161177, 1/11/2022,18:32:57,   1.530000E+02
    161178, 1/11/2022,18:33:07,   1.580000E+02
    161179, 1/11/2022,18:33:17,   1.630000E+02
    161180, 1/11/2022,18:33:27,   1.680000E+02
    161181, 1/11/2022,18:33:37,   1.730000E+02
    161182, 1/11/2022,18:33:47,   1.780000E+02
    161183, 1/11/2022,18:33:57,   1.830000E+02
    161184, 1/11/2022,18:34:07,   1.880000E+02
    161185, 1/11/2022,18:34:17,   1.930000E+02
    161186, 1/11/2022,18:34:27,   1.980000E+02
    161187, 1/11/2022,18:34:37,   2.000000E+00
    161188, 1/11/2022,18:34:47,   7.000000E+00
    161189, 1/11/2022,18:34:57,   1.200000E+01
    161190, 1/11/2022,18:35:07,   1.700000E+01
    161191, 1/11/2022,18:35:17,   2.200000E+01
    161192, 1/11/2022,18:35:27,   2.700000E+01
    161193, 1/11/2022,18:35:37,   3.200000E+01
    161194, 1/11/2022,18:35:47,   3.700000E+01
    161195, 1/11/2022,18:35:57,   4.200000E+01
    161196, 1/11/2022,18:36:07,   4.700000E+01
    161197, 1/11/2022,18:36:17,   5.200000E+01
    161198, 1/11/2022,18:36:27,   5.700000E+01
    161199, 1/11/2022,18:36:37,   6.200000E+01
    161200, 1/11/2022,18:36:47,   6.700000E+01
    161201, 1/11/2022,18:36:57,   7.200000E+01
    161202, 1/11/2022,18:37:07,   7.700000E+01
    161203, 1/11/2022,18:37:17,   8.200000E+01
    161204, 1/11/2022,18:37:27,   8.700000E+01
    161205, 1/11/2022,18:37:37,   9.200000E+01
    161206, 1/11/2022,18:37:47,   9.700000E+01
    161207, 1/11/2022,18:37:57,   1.020000E+02
    161208, 1/11/2022,18:38:07,   1.070000E+02
    161209, 1/11/2022,18:38:17,   1.120000E+02
    161210, 1/11/2022,18:38:27,   1.170000E+02
    161211, 1/11/2022,18:38:37,   1.220000E+02
    161212, 1/11/2022,18:38:47,   1.270000E+02
    161213, 1/11/2022,18:38:57,   1.320000E+02
    161214, 1/11/2022,18:39:07,   1.370000E+02
    161215, 1/11/2022,18:39:17,   1.420000E+02
    161216, 1/11/2022,18:39:27,   1.470000E+02
    161217, 1/11/2022,18:39:37,   1.520000E+02
    161218, 1/11/2022,18:39:47,   1.570000E+02
    161219, 1/11/2022,18:39:57,   1.620000E+02
    161220, 1/11/2022,18:40:07,   1.670000E+02
    161221, 1/11/2022,18:40:17,   1.720000E+02
    161222, 1/11/2022,18:40:27,   1.770000E+02
    161223, 1/11/2022,18:40:37,   1.820000E+02
    161224, 1/11/2022,18:40:47,   1.870000E+02
    161225, 1/11/2022,18:40:57,   1.920000E+02
    161226, 1/11/2022,18:41:07,   1.970000E+02
    161227, 1/11/2022,18:41:17,   1.000000E+00
    161228, 1/11/2022,18:41:27,   6.000000E+00
    161229, 1/11/2022,18:41:37,   1.100000E+01
    161230, 1/11/2022,18:41:47,   1.600000E+01
    161231, 1/11/2022,18:41:57,   2.100000E+01
    161232, 1/11/2022,18:42:07,   2.600000E+01
    161233, 1/11/2022,18:42:17,   3.100000E+01
    161234, 1/11/2022,18:42:27,   3.600000E+01
    161235, 1/11/2022,18:42:37,   4.100000E+01
    161236, 1/11/2022,18:42:47,   4.600000E+01
    161237, 1/11/2022,18:42:57,   5.100000E+01
    161238, 1/11/2022,18:43:07,   5.600000E+01
    161239, 1/11/2022,18:43:17,   6.100000E+01
    161240, 1/11/2022,18:43:27,   6.600000E+01
    161241, 1/11/2022,18:43:37,   7.100000E+01
    161242, 1/11/2022,18:43:47,   7.600000E+01
    161243, 1/11/2022,18:43:57,   8.100000E+01
    161244, 1/11/2022,18:44:07,   8.600000E+01
    161245, 1/11/2022,18:44:17,   9.100000E+01
    161246, 1/11/2022,18:44:27,   9.600000E+01
    161247, 1/11/2022,18:44:37,   1.010000E+02
    161248, 1/11/2022,18:44:47,   1.060000E+02
    161249, 1/11/2022,18:44:57,   1.110000E+02
    161250, 1/11/2022,18:45:07,   1.160000E+02
    161251, 1/11/2022,18:45:17,   1.210000E+02
    161252, 1/11/2022,18:45:27,   1.260000E+02
    161253, 1/11/2022,18:45:37,   1.310000E+02
    161254, 1/11/2022,18:45:47,   1.360000E+02
    161255, 1/11/2022,18:45:57,   1.410000E+02
    161256, 1/11/2022,18:46:07,   1.460000E+02
    161257, 1/11/2022,18:46:17,   1.510000E+02
    161258, 1/11/2022,18:46:27,   1.560000E+02
    161259, 1/11/2022,18:46:37,   1.610000E+02
    161260, 1/11/2022,18:46:47,   1.660000E+02
    161261, 1/11/2022,18:46:57,   1.710000E+02
    161262, 1/11/2022,18:47:07,   1.760000E+02
    161263, 1/11/2022,18:47:17,   1.810000E+02
    161264, 1/11/2022,18:47:27,   1.860000E+02
    161265, 1/11/2022,18:47:37,   1.910000E+02
    161266, 1/11/2022,18:47:47,   1.960000E+02
    161267, 1/11/2022,18:47:57,   0.000000E+00
    161268, 1/11/2022,18:48:07,   5.000000E+00
    161269, 1/11/2022,18:48:17,   1.000000E+01
    161270, 1/11/2022,18:48:27,   1.500000E+01
    161271, 1/11/2022,18:48:37,   2.000000E+01
    161272, 1/11/2022,18:48:47,   2.500000E+01
    161273, 1/11/2022,18:48:57,   3.000000E+01
    161274, 1/11/2022,18:49:07,   3.500000E+01
    161275, 1/11/2022,18:49:17,   4.000000E+01
    161276, 1/11/2022,18:49:27,   4.500000E+01
    161277, 1/11/2022,18:49:37,   5.000000E+01
    161278, 1/11/2022,18:49:47,   5.500000E+01
    161279, 1/11/2022,18:49:57,   6.000000E+01
    161280, 1/11/2022,18:50:07,   6.500000E+01
    161281, 1/11/2022,20:50:18,   5.200000E+01
    161282, 1/11/2022,20:50:28,   5.700000E+01
    161283, 1/11/2022,20:50:38,   6.200000E+01
    161284, 1/11/2022,20:50:48,   6.700000E+01
    161285, 1/11/2022,20:50:58,   7.200000E+01
    161286, 1/11/2022,20:51:08,   7.700000E+01
    161287, 1/11/2022,20:51:18,   8.200000E+01
    161288, 1/11/2022,20:51:28,   8.700000E+01
    161289, 1/11/2022,20:51:38,   9.200000E+01
    161290, 1/11/2022,20:51:48,   9.700000E+01
    161291, 1/11/2022,20:51:58,   1.020000E+02
    161292, 1/11/2022,20:52:08,   1.070000E+02
    161293, 1/11/2022,20:52:18,   1.120000E+02
    161294, 1/11/2022,20:52:28,   1.170000E+02
    161295, 1/11/2022,20:52:38,   1.220000E+02
    161296, 1/11/2022,20:52:48,   1.270000E+02
    161297, 1/11/2022,20:52:58,   1.320000E+02
    161298, 1/11/2022,20:53:08,   1.370000E+02
    161299, 1/11/2022,20:53:18,   1.420000E+02
    161300, 1/11/2022,20:53:28,   1.470000E+02
    161301, 1/11/2022,20:53:38,   1.520000E+02
    161302, 1/11/2022,20:53:48,   1.570000E+02
    161303, 1/11/2022,20:53:58,   1.620000E+02
    161304, 1/11/2022,20:54:08,   1.670000E+02
    161305, 1/11/2022,20:54:18,   1.720000E+02
    161306, 1/11/2022,20:54:28,   1.770000E+02
    161307, 1/11/2022,20:54:38,   1.820000E+02
    161308, 1/11/2022,20:54:48,   1.870000E+02
    161309, 1/11/2022,20:54:58,   1.920000E+02
    161310, 1/11/2022,20:55:08,   1.970000E+02
    161311, 1/11/2022,20:55:18,   1.000000E+00
    161312, 1/11/2022,20:55:28,   6.000000E+00
    161313, 1/11/2022,20:55:38,   1.100000E+01
    161314, 1/11/2022,20:55:48,   1.600000E+01
    161315, 1/11/2022,20:55:58,   2.100000E+01
    161316, 1/11/2022,20:56:08,   2.600000E+01
    161317, 1/11/2022,20:56:18,   3.100000E+01
    161318, 1/11/2022,20:56:28,   3.600000E+01
    161319, 1/11/2022,20:56:38,   4.100000E+01
    161320, 1/11/2022,20:56:48,   4.600000E+01
    161321, 1/11/2022,20:56:58,   5.100000E+01
    161322, 1/11/2022,20:57:08,   5.600000E+01
    161323, 1/11/2022,20:57:18,   6.100000E+01
    161324, 1/11/2022,20:57:28,   6.600000E+01
    161325, 1/11/2022,20:57:38,   7.100000E+01
    161326, 1/11/2022,20:57:48,   7.600000E+01
    161327, 1/11/2022,20:57:58,   8.100000E+01
    161328, 1/11/2022,20:58:08,   8.600000E+01
    161329, 1/11/2022,20:58:18,   9.100000E+01
    161330, 1/11/2022,20:58:28,   9.600000E+01
    161331, 1/11/2022,20:58:38,   1.010000E+02
    161332, 1/11/2022,20:58:48,   1.060000E+02
    161333, 1/11/2022,20:58:58,   1.110000E+02
    161334, 1/11/2022,20:59:08,   1.160000E+02
    161335, 1/11/2022,20:59:18,   1.210000E+02
    161336, 1/11/2022,20:59:28,   1.260000E+02
    161337, 1/11/2022,20:59:38,   1.310000E+02
    161338, 1/11/2022,20:59:48,   1.360000E+02
    161339, 1/11/2022,20:59:58,   1.410000E+02
    161340, 1/11/2022,21:00:08,   1.460000E+02
    161341, 1/11/2022,21:00:1